{"NIFTY": {"last_decision": "NEUTRAL", "last_score": -0.9900991079296244, "smoothed_score": -0.9900991079296244, "last_change_ts": null}, "BANKNIFTY": {"last_decision": "NEUTRAL", "last_score": -0.5940594647577746, "smoothed_score": -0.5940594647577746, "last_change_ts": null}, "SENSEX": {"last_decision": "NEUTRAL", "last_score": -0.9900991079296244, "smoothed_score": -0.9900991079296244, "last_change_ts": null}, "MIDCPNIFTY": {"last_decision": "NEUTRAL", "last_score": -0.9900991079296244, "smoothed_score": -0.9900991079296244, "last_change_ts": null}}