{"NIFTY": 167.75, "BANKNIFTY": 479.5500000000029, "MIDCPNIFTY": 197.3000000000011}