{"NIFTY": 9.267857142856363, "BANKNIFTY": 26.503571428571117, "MIDCPNIFTY": 6.767857142857403, "SENSEX": 30.692857142856933}