{"NIFTY": 22.863316837191014, "BANKNIFTY": 50.63500426175706, "MIDCPNIFTY": 14.118912951602535, "SENSEX": 71.6632644043668}