{"NIFTY": 22.515316276075453, "BANKNIFTY": 49.87794926334259, "MIDCPNIFTY": 14.315352123104674, "SENSEX": 70.84038889630772}