{"NIFTY": 221.0500000000029, "BANKNIFTY": 613.8000000000029, "MIDCPNIFTY": 171.45000000000073, "SENSEX": 762.6900000000023}