{"NIFTY": 221.0500000000029, "SENSEX": 221.0500000000029, "BANKNIFTY": 613.8000000000029, "MIDCPNIFTY": 171.45000000000073}