{"BANKNIFTY": 613.8000000000029, "NIFTY": 221.0500000000029}