{"NIFTY": [0.08801207542419434, 0.08812983512878417, 0.08878872871398927, 0.08884200096130371], "SENSEX": [0.09707396507263183, 0.09709254026412961], "BANKNIFTY": [0.10221333503723146, 0.1022143864631653], "MIDCPNIFTY": [0.15130511283874512, 0.15130791664123536]}