{"NIFTY": [0.08082172393798828, 0.08179744720458984, 0.08100256919860838, 0.08229792594909666, 0.08158295631408691, 0.08033946990966795, 0.0810123825073242, 0.08140211105346679, 0.08093948364257811, 0.07844129562377927, 0.0779842758178711, 0.08025535583496093, 0.07830250740051267, 0.07961188316345214, 0.07989366531372069, 0.07994974136352537, 0.08071237564086914, 0.08041377067565916, 0.08070396423339843, 0.08186614036560058, 0.07514682769775391, 0.07883382797241209, 0.07135468482971191, 0.07858288764953611, 0.07882541656494141, 0.07635106086730958, 0.07699733734130856, 0.07603983879089354, 0.0811581802368164, 0.07586740493774413, 0.07993011474609374, 0.07799268722534178, 0.07755949974060058, 0.07879597663879392, 0.07748519897460937, 0.078760929107666, 0.07655714035034178, 0.07885625839233398, 0.07989787101745605, 0.08095069885253905, 0.07982637405395507, 0.07959786415100095, 0.07813007354736326, 0.07887308120727538, 0.08151145935058593, 0.0823666191101074, 0.08272690773010252, 0.08065069198608399, 0.0815338897705078, 0.08215212821960449, 0.08121986389160155, 0.08024974822998046, 0.07883102416992187, 0.08074461936950683, 0.08116378784179686, 0.07961048126220702, 0.07938337326049805, 0.0785898971557617, 0.07862073898315428, 0.0785169982910156, 0.07784688949584961, 0.07802633285522459, 0.07790296554565429, 0.07742912292480468, 0.07486784934997559, 0.07524215698242187, 0.07666368484497069, 0.07700434684753416, 0.08156332969665525, 0.0806282615661621, 0.08218156814575195, 0.08202735900878905, 0.08186894416809082, 0.08153669357299803, 0.07805717468261718, 0.07759454727172851, 0.0753178596496582, 0.07265845298767087, 0.07443466186523437, 0.07347856521606447, 0.07440942764282227, 0.07343931198120118, 0.07317435264587402, 0.07152431488037109, 0.07311407089233399, 0.07313089370727538, 0.07278041839599608, 0.07201778411865234, 0.07265985488891599, 0.0692896842956543, 0.06930650711059572, 0.06930931091308594, 0.06965698242187499, 0.06973548889160155], "BANKNIFTY": [0.1116144847869873, 0.11143802046775816, 0.11077071547508241, 0.1105578017234802, 0.11061440348625184, 0.11087287902832031, 0.1105378246307373, 0.11098608255386352, 0.11017823696136474, 0.10907774448394775, 0.10873778343200682, 0.10931361436843873, 0.10893983244895933, 0.10861441612243652, 0.10872201204299925, 0.10879491090774537, 0.10906057119369506, 0.10869677782058715, 0.10861494183540343, 0.10863088846206664, 0.1086165189743042, 0.10816440582275391, 0.1068354034423828, 0.10771684885025026, 0.10824641704559325, 0.10868626356124877, 0.10924246788024902, 0.10850682020187377, 0.10942121028900147, 0.10872131109237668, 0.10903218269348144, 0.10823379993438721, 0.10866137981414793, 0.10886360406875611, 0.10819822669029236, 0.10914924144744874, 0.1081710648536682, 0.10840938806533812, 0.10870063304901122, 0.10947343111038207, 0.10927366018295287, 0.10884748220443724, 0.10884362697601317, 0.10866243124008176, 0.10830915212631223, 0.10902937889099121, 0.10882575273513795, 0.10786334753036497, 0.10824361324310301, 0.10836137294769287, 0.10884450316429137, 0.10850261449813842, 0.10879456043243409, 0.10927751541137695, 0.10860425233840942, 0.10893475055694578, 0.108712899684906, 0.10886640787124632, 0.10865612268447875, 0.10833403587341309, 0.10834279775619504, 0.10852224111557005, 0.10799968242645265, 0.1077613592147827, 0.10817527055740356, 0.10820786476135252, 0.10814372777938841, 0.1080631184577942, 0.10810815453529357, 0.10872656822204588, 0.10971666097640989, 0.1094474959373474, 0.10994061470031738, 0.10969878673553467, 0.10954002141952512, 0.10926209449768065, 0.10872814536094663, 0.10740282297134399, 0.10774243354797364, 0.10758962631225585, 0.1072549223899841, 0.10741754293441771, 0.10780376672744751, 0.10744558095932005, 0.10757455587387085, 0.10705760478973388, 0.10727384805679321, 0.1074369943141937, 0.10793028831481935, 0.10291568756103514, 0.1029181408882141, 0.1029181408882141, 0.1029640531539917, 0.10297421693801881], "MIDCPNIFTY": [0.15779591560363768, 0.15871556282043456, 0.159330997467041, 0.16017774581909178, 0.15852350234985352, 0.15806928634643552, 0.15784498214721676, 0.1580973243713379, 0.15747347831726075, 0.15860341072082515, 0.15998147964477538, 0.15844779968261713, 0.15860341072082515, 0.1588431358337402, 0.1584618186950683, 0.15855574607849118, 0.15913332939147948, 0.15927632331848143, 0.15886276245117187, 0.15905902862548826, 0.16084785461425777, 0.1607581329345703, 0.1604413032531738, 0.16088220119476315, 0.16019737243652343, 0.16080299377441404, 0.16051280021667477, 0.1604721450805664, 0.15967586517333981, 0.1590464115142822, 0.15896089553833004, 0.15874780654907222, 0.1593155765533447, 0.15823330879211422, 0.15955389976501463, 0.15994362831115724, 0.15940950393676756, 0.15867911338806148, 0.15772722244262694, 0.1565173816680908, 0.15747207641601563, 0.15746646881103515, 0.1561332607269287, 0.1569001007080078, 0.15644027709960937, 0.15808751106262206, 0.157644510269165, 0.15719449996948243, 0.1587113571166992, 0.1589454746246338, 0.1596253967285156, 0.16110580444335934, 0.16112402915954585, 0.16104972839355464, 0.1605450439453125, 0.1601300811767578, 0.16107356071472165, 0.16127823829650875, 0.1605450439453125, 0.16179273605346678, 0.16054013729095457, 0.16067962646484374, 0.16059691429138181, 0.16016653060913083, 0.1578870391845703, 0.15937165260314942, 0.1607651424407959, 0.16139179229736328, 0.16127823829650875, 0.1602380275726318, 0.1599324131011963, 0.1594697856903076, 0.16293388366699219, 0.1597003984451294, 0.15938847541809079, 0.15890061378479, 0.16072448730468747, 0.16110300064086913, 0.16108757972717283, 0.16095860481262206, 0.15910248756408688, 0.1602099895477295, 0.16015671730041506, 0.16014269828796387, 0.15940810203552244, 0.1602674674987793, 0.15985390663146973, 0.1617871284484863, 0.1610118770599365, 0.1596394157409668, 0.1596394157409668, 0.1597277355194092, 0.1597473621368408], "SENSEX": [0.08569858789443968, 0.08570034027099607, 0.08598808050155637, 0.08605256795883176]}