{"BANKNIFTY": [0.24792554855346682, 0.232364444732666, 0.2153930282592773, 0.2103966522216797, 0.2506929016113282, 0.22382125854492185, 0.2177902793884277, 0.20473297119140624, 0.19642810821533202, 0.20161514282226561, 0.21723793029785154, 0.21644725799560544, 0.20237216949462894, 0.22412967681884766, 0.22383808135986327, 0.21160789489746096, 0.20980224609374998, 0.2197277069091797, 0.2071021842956543, 0.19504863739013673, 0.1971010208129883, 0.2083891296386719, 0.1873886489868164, 0.17468742370605472, 0.2119387435913086, 0.20927513122558594, 0.2070489120483398, 0.21084526062011716, 0.21940807342529295, 0.22999523162841795, 0.21692390441894532, 0.19491966247558595, 0.22555961608886715, 0.21952583312988283, 0.201452522277832, 0.21117610931396485, 0.2510630035400391, 0.2407506179809571, 0.2304887008666992, 0.22292404174804686, 0.24677879333496094, 0.23466075897216798, 0.24132820129394533, 0.2308475875854492, 0.19100555419921877, 0.1838166046142578, 0.24339179992675786, 0.27298873901367193, 0.2653960418701172, 0.28385627746582043, 0.3032473754882813, 0.3040885162353516, 0.23072982788085936, 0.1394828796386719, 0.11316078186035156, 0.07645339965820312, 0.03901702880859374, 0.03, 0.03, 0.03], "NIFTY": [0.21378364562988283, 0.1875008010864258, 0.17947071075439458, 0.17301635742187502, 0.1833567810058594, 0.1733247756958008, 0.1707621002197266, 0.19802627563476563, 0.19082611083984377, 0.1875736999511719, 0.19978706359863285, 0.17048171997070316, 0.1824932098388672, 0.18659797668457034, 0.1880783843994141, 0.17463134765625005, 0.1733976745605469, 0.17127799987792974, 0.17089668273925784, 0.16481803894042968, 0.16122917175292967, 0.16560310363769531, 0.17814170837402343, 0.18603721618652347, 0.18176422119140626, 0.19836273193359374, 0.17862396240234377, 0.19061302185058593, 0.19728607177734378, 0.18130439758300781, 0.19112892150878907, 0.18739425659179687, 0.19035507202148438, 0.19459442138671879, 0.17835479736328125, 0.19419067382812502, 0.20440773010253904, 0.1873157501220703, 0.19564865112304686, 0.16581619262695313, 0.20494606018066408, 0.2098695373535156, 0.17252288818359376, 0.17709869384765628, 0.172657470703125, 0.17445190429687504, 0.16288902282714846, 0.16247406005859374, 0.18342407226562502, 0.18663162231445313, 0.23268127441406247, 0.13658935546875, 0.08392272949218749, 0.09533981323242188, 0.061761474609375006, 0.059967041015625, 0.05687164306640624, 0.03, 0.03, 0.03]}